Date,Close,Open,High,Low,Volume,Change%
2023-12-25,"1,117.66","1,103.06","1,118.31","1,103.06",658.54K,1.32%
2023-12-22,"1,103.06","1,102.43","1,104.65","1,099.32",558.03K,0.06%
2023-12-21,"1,102.43","1,100.76","1,102.43","1,094.47",521.00K,0.15%
2023-12-20,"1,100.76","1,096.30","1,102.27","1,093.38",598.21K,0.41%
2023-12-19,"1,096.30","1,091.88","1,096.30","1,082.29",649.91K,0.40%
2023-12-18,"1,091.88","1,102.30","1,103.74","1,091.45",713.16K,-0.95%
2023-12-15,"1,102.30","1,110.13","1,112.79","1,102.30",749.83K,-0.71%
2023-12-14,"1,110.13","1,114.20","1,120.36","1,107.86",681.02K,-0.37%
2023-12-13,"1,114.20","1,127.63","1,131.21","1,112.08",844.04K,-1.19%
2023-12-12,"1,127.63","1,125.50","1,129.77","1,123.35",645.62K,0.19%
2023-12-11,"1,125.50","1,124.44","1,129.15","1,120.32",700.59K,0.09%
2023-12-08,"1,124.44","1,121.49","1,127.46","1,119.43",819.10K,0.26%
2023-12-07,"1,121.49","1,126.43","1,129.83","1,109.51",1.33M,-0.44%
2023-12-06,"1,126.43","1,115.97","1,126.43","1,115.97",853.96K,0.94%
2023-12-05,"1,115.97","1,120.49","1,124.11","1,113.55",824.66K,-0.40%
2023-12-04,"1,120.49","1,102.16","1,123.96","1,102.16",1.12M,1.66%
2023-12-01,"1,102.16","1,094.13","1,102.20","1,090.08",603.59K,0.73%
2023-11-30,"1,094.13","1,101.75","1,107.45","1,094.13",723.48K,-0.79%
2023-11-29,"1,102.80","1,095.43","1,105.28","1,095.43",614.96K,0.67%
2023-11-28,"1,095.43","1,088.06","1,095.43","1,076.45",681.89K,0.68%
2023-11-27,"1,088.06","1,095.61","1,096.84","1,085.69",595.02K,-0.69%
2023-11-24,"1,095.61","1,088.49","1,095.61","1,073.31",958.34K,0.65%
2023-11-23,"1,088.49","1,113.82","1,118.54","1,088.49",1.03M,-2.27%
2023-11-22,"1,113.82","1,110.46","1,115.47","1,103.26",946.28K,0.30%
2023-11-21,"1,110.46","1,103.66","1,112.77","1,103.66",712.61K,0.62%
2023-11-20,"1,103.66","1,101.19","1,111.26","1,085.32",841.47K,0.22%
2023-11-17,"1,101.19","1,125.53","1,129.84","1,096.16",1.26M,-2.16%
2023-11-16,"1,125.53","1,122.50","1,125.53","1,114.97",687.40K,0.27%
2023-11-15,"1,122.50","1,109.73","1,132.75","1,109.73",937.96K,1.15%
2023-11-14,"1,109.73","1,100.07","1,115.60","1,100.07",822.20K,0.88%
2023-11-13,"1,100.07","1,103.66","1,107.91","1,093.19",789.44K,-0.15%
2023-11-10,"1,101.68","1,113.89","1,116.02","1,101.23",1.03M,-1.10%
2023-11-09,"1,113.89","1,113.43","1,124.78","1,112.13",1.05M,0.04%
2023-11-08,"1,113.43","1,080.29","1,113.43","1,075.80",952.58K,3.07%
2023-11-07,"1,080.29","1,089.66","1,089.89","1,079.42",634.51K,-0.86%
2023-11-06,"1,089.66","1,076.78","1,089.66","1,076.78",692.79K,1.20%
2023-11-03,"1,076.78","1,075.47","1,082.23","1,071.11",756.48K,0.12%
2023-11-02,"1,075.47","1,039.66","1,075.47","1,039.66",772.12K,3.44%
2023-11-01,"1,039.66","1,028.19","1,039.66","1,020.01",679.89K,1.12%
2023-10-31,"1,028.19","1,042.40","1,046.17","1,025.03",755.54K,-1.36%
2023-10-30,"1,042.40","1,054.03","1,060.39","1,042.40",533.36K,-1.72%
2023-10-27,"1,060.62","1,055.45","1,061.87","1,037.46",692.23K,0.49%
2023-10-26,"1,055.45","1,101.66","1,101.66","1,049.71",1.18M,-4.19%
2023-10-25,"1,101.66","1,105.90","1,111.39","1,100.64",539.26K,-0.38%
2023-10-24,"1,105.90","1,093.53","1,107.30","1,088.17",509.04K,1.13%
2023-10-23,"1,093.53","1,108.03","1,108.03","1,086.54",563.10K,-1.31%
2023-10-20,"1,108.03","1,087.85","1,108.16","1,073.73",658.19K,1.86%
2023-10-19,"1,087.85","1,103.40","1,104.03","1,087.85",649.23K,-1.41%
2023-10-18,"1,103.40","1,121.65","1,125.27","1,088.87",1.04M,-1.63%
2023-10-17,"1,121.65","1,145.34","1,147.89","1,121.65",610.50K,-1.73%
2023-10-16,"1,141.42","1,154.73","1,157.46","1,140.64",676.19K,-1.15%
2023-10-13,"1,154.73","1,151.61","1,155.10","1,138.99",621.42K,0.27%
2023-10-12,"1,151.61","1,150.81","1,156.73","1,148.11",647.18K,0.07%
2023-10-11,"1,150.81","1,143.69","1,150.81","1,138.22",543.05K,0.62%
2023-10-10,"1,143.69","1,137.36","1,150.34","1,137.36",671.76K,0.56%
2023-10-09,"1,137.36","1,128.54","1,137.36","1,127.03",602.62K,0.78%
2023-10-06,"1,128.54","1,113.89","1,129.13","1,107.40",621.62K,1.32%
2023-10-05,"1,113.89","1,128.67","1,133.12","1,113.89",609.01K,-1.31%
2023-10-04,"1,128.67","1,118.10","1,133.79","1,106.40",682.49K,0.95%
2023-10-03,"1,118.10","1,155.25","1,155.25","1,117.28",991.88K,-3.22%
2023-10-02,"1,155.25","1,154.15","1,161.48","1,149.63",518.24K,0.10%
2023-09-29,"1,154.15","1,152.43","1,163.88","1,152.43",574.81K,0.15%
2023-09-28,"1,152.43","1,153.85","1,155.39","1,136.99",691.11K,-0.12%
2023-09-27,"1,153.85","1,137.96","1,153.85","1,126.36",860.42K,1.40%
2023-09-26,"1,137.96","1,153.20","1,163.52","1,137.96",1.05M,-1.32%
2023-09-25,"1,153.20","1,193.05","1,195.62","1,153.20",1.09M,-3.34%
2023-09-22,"1,193.05","1,212.74","1,212.74","1,174.57",1.39M,-1.62%
2023-09-21,"1,212.74","1,226.11","1,227.88","1,211.65",963.68K,-1.09%
2023-09-20,"1,226.11","1,211.50","1,226.11","1,209.46",878.03K,1.21%
2023-09-19,"1,211.50","1,211.81","1,219.57","1,199.85",1.00M,-0.03%
2023-09-18,"1,211.81","1,227.36","1,227.36","1,203.88",845.00K,-1.27%
2023-09-15,"1,227.36","1,223.81","1,233.87","1,220.27",917.36K,0.29%
2023-09-14,"1,223.81","1,238.39","1,244.21","1,223.03",1.23M,-1.18%
2023-09-13,"1,238.39","1,245.44","1,250.61","1,232.84",1.26M,-0.57%
2023-09-12,"1,245.44","1,223.63","1,245.44","1,220.85",967.87K,1.78%
2023-09-11,"1,223.63","1,241.48","1,251.37","1,223.33",1.39M,-1.44%
2023-09-08,"1,241.48","1,243.14","1,248.10","1,240.15",1.10M,-0.13%
2023-09-07,"1,243.14","1,245.50","1,255.11","1,240.82",1.13M,-0.19%
2023-09-06,"1,245.50","1,234.98","1,245.50","1,229.89",1.13M,0.85%
2023-09-05,"1,234.98","1,224.05","1,236.21","1,224.05",1.09M,0.89%
2023-08-31,"1,224.05","1,213.16","1,224.84","1,213.16",945.48K,0.90%
2023-08-30,"1,213.16","1,206.10","1,213.52","1,203.51",911.99K,0.72%
2023-08-29,"1,204.43","1,201.72","1,208.78","1,197.57",990.94K,0.23%
2023-08-28,"1,201.72","1,183.37","1,202.02","1,183.37",882.85K,1.55%
2023-08-25,"1,183.37","1,189.39","1,192.59","1,181.60",893.34K,-0.51%
2023-08-24,"1,189.39","1,172.56","1,189.99","1,171.33",851.54K,1.44%
2023-08-23,"1,172.56","1,180.49","1,193.79","1,168.89",747.18K,-0.67%
2023-08-22,"1,180.49","1,179.76","1,184.43","1,149.13",1.06M,0.06%
2023-08-21,"1,179.76","1,177.99","1,188.16","1,164.63",1.08M,0.15%
2023-08-18,"1,177.99","1,233.48","1,233.48","1,177.74",1.70M,-4.50%
2023-08-17,"1,233.48","1,242.58","1,243.98","1,233.48",1.11M,-0.79%
2023-08-16,"1,243.26","1,234.05","1,243.48","1,234.05",930.67K,0.75%
2023-08-15,"1,234.05","1,236.84","1,239.42","1,230.58",912.03K,-0.23%
2023-08-14,"1,236.84","1,232.21","1,239.61","1,229.04",1.11M,0.38%
2023-08-11,"1,232.21","1,220.61","1,232.21","1,213.37",1.01M,0.95%
2023-08-10,"1,220.61","1,233.99","1,238.19","1,220.61",1.01M,-1.08%
2023-08-09,"1,233.99","1,242.23","1,242.23","1,231.28",1.09M,-0.66%
2023-08-08,"1,242.23","1,241.42","1,246.22","1,239.01",1.19M,0.07%
2023-08-07,"1,241.42","1,233.10","1,241.42","1,230.38",1.30M,1.26%
2023-08-04,"1,225.98","1,210.95","1,228.12","1,210.95",1.13M,1.24%
2023-08-03,"1,210.95","1,219.73","1,222.35","1,209.06",1.03M,-0.78%
2023-08-02,"1,220.43","1,217.56","1,223.04","1,213.18",940.81K,0.24%
2023-08-01,"1,217.56","1,222.90","1,234.50","1,217.56",1.28M,-0.44%
2023-07-31,"1,222.90","1,207.67","1,224.81","1,207.67",1.20M,1.26%
2023-07-28,"1,207.67","1,197.33","1,207.67","1,195.86",1.11M,0.86%
2023-07-27,"1,197.33","1,200.84","1,203.69","1,191.08",1.16M,-0.29%
2023-07-26,"1,200.84","1,195.90","1,200.84","1,195.44",912.30K,0.41%
2023-07-25,"1,195.90","1,190.72","1,199.27","1,190.72",1.00M,0.44%
2023-07-24,"1,190.72","1,185.90","1,193.22","1,183.39",1.04M,0.41%
2023-07-21,"1,185.90","1,172.81","1,185.90","1,172.07",988.09K,1.12%
2023-07-20,"1,172.81","1,172.98","1,174.39","1,166.62",796.61K,-0.01%
2023-07-19,"1,172.98","1,174.09","1,178.55","1,172.98",896.65K,-0.09%
2023-07-18,"1,174.09","1,173.13","1,175.70","1,170.04",837.14K,0.08%
2023-07-17,"1,173.13","1,171.75","1,174.89","1,168.77",914.62K,0.40%
2023-07-14,"1,168.40","1,165.42","1,169.84","1,156.28",1.04M,0.26%
2023-07-13,"1,165.42","1,154.20","1,165.42","1,154.20",806.74K,0.97%
2023-07-12,"1,154.20","1,151.77","1,157.43","1,149.28",788.16K,0.21%
2023-07-11,"1,151.77","1,149.02","1,157.01","1,149.02",936.91K,0.24%
2023-07-10,"1,149.02","1,138.07","1,149.02","1,138.07",879.43K,0.96%
2023-07-07,"1,138.07","1,126.22","1,138.07","1,122.94",798.40K,1.05%
2023-07-06,"1,126.22","1,134.62","1,135.81","1,122.35",921.11K,-0.74%
2023-07-05,"1,134.62","1,132.00","1,138.67","1,132.00",807.03K,0.23%
2023-07-04,"1,132.00","1,125.50","1,132.12","1,123.49",701.31K,0.58%
2023-07-03,"1,125.50","1,120.18","1,128.35","1,120.18",558.38K,0.47%
2023-06-30,"1,120.18","1,125.39","1,126.33","1,120.01",617.53K,-0.46%
2023-06-29,"1,125.39","1,139.42","1,140.43","1,125.39",906.89K,-1.14%
2023-06-28,"1,138.35","1,134.33","1,140.56","1,131.86",892.14K,0.35%
2023-06-27,"1,134.33","1,132.03","1,136.49","1,128.82",722.00K,0.20%
2023-06-26,"1,132.03","1,129.38","1,134.00","1,119.95",1.04M,0.23%
2023-06-23,"1,129.38","1,125.30","1,130.61","1,122.62",906.63K,0.36%
2023-06-22,"1,125.30","1,118.46","1,127.54","1,118.46",919.32K,0.61%
2023-06-21,"1,118.46","1,112.73","1,118.46","1,110.65",875.89K,0.61%
2023-06-20,"1,111.72","1,105.40","1,111.72","1,102.58",695.59K,0.57%
2023-06-19,"1,105.40","1,115.22","1,117.23","1,104.73",811.31K,-0.88%
2023-06-16,"1,115.22","1,116.97","1,128.92","1,112.51",1.17M,-0.16%
2023-06-15,"1,116.97","1,117.42","1,120.13","1,112.11",716.88K,-0.04%
2023-06-14,"1,117.42","1,122.46","1,129.49","1,117.42",928.60K,-0.45%
2023-06-13,"1,122.46","1,116.02","1,122.46","1,116.02",943.54K,0.58%
2023-06-12,"1,116.02","1,110.26","1,116.02","1,100.08",797.98K,0.77%
2023-06-09,"1,107.53","1,101.32","1,107.53","1,097.23",902.21K,0.56%
2023-06-08,"1,101.32","1,109.54","1,115.14","1,101.32",1.32M,-0.74%
2023-06-07,"1,109.54","1,108.31","1,112.28","1,104.26",1.00M,0.11%
2023-06-06,"1,108.31","1,097.82","1,108.31","1,097.82",842.76K,0.96%
2023-06-05,"1,097.82","1,090.84","1,103.81","1,090.84",948.36K,0.64%
2023-06-02,"1,090.84","1,084.19","1,092.24","1,083.36",1.04M,1.15%
2023-06-01,"1,078.39","1,075.17","1,078.39","1,071.61",856.81K,0.30%
2023-05-31,"1,075.17","1,078.05","1,079.11","1,071.38",924.36K,-0.27%
2023-05-30,"1,078.05","1,074.98","1,079.31","1,071.01",922.94K,0.29%
2023-05-29,"1,074.98","1,063.76","1,077.18","1,063.76",844.88K,1.05%
2023-05-26,"1,063.76","1,064.63","1,067.28","1,063.76",640.72K,-0.08%
2023-05-25,"1,064.63","1,061.79","1,065.50","1,057.91",669.53K,0.27%
2023-05-24,"1,061.79","1,065.85","1,069.61","1,060.60",794.10K,-0.38%
2023-05-23,"1,065.85","1,073.12","1,073.96","1,062.15",721.99K,-0.45%
2023-05-22,"1,070.64","1,067.07","1,070.64","1,065.88",711.11K,0.33%
2023-05-19,"1,067.07","1,068.31","1,070.15","1,058.56",755.49K,-0.12%
2023-05-18,"1,068.31","1,060.44","1,073.41","1,060.44",649.54K,0.74%
2023-05-17,"1,060.44","1,065.91","1,069.95","1,060.44",836.83K,-0.51%
2023-05-16,"1,065.91","1,065.71","1,069.27","1,063.65",681.38K,0.02%
2023-05-15,"1,065.71","1,066.90","1,076.32","1,065.71",834.50K,-0.11%
2023-05-12,"1,066.90","1,057.12","1,066.90","1,053.97",725.83K,0.93%
2023-05-11,"1,057.12","1,058.26","1,063.69","1,056.72",708.31K,-0.11%
2023-05-10,"1,058.26","1,055.62","1,058.67","1,053.34",717.42K,0.43%
2023-05-09,"1,053.77","1,055.42","1,058.71","1,052.68",564.40K,0.03%
2023-05-08,"1,053.44","1,040.31","1,053.44","1,040.31",655.53K,1.26%
2023-05-05,"1,040.31","1,040.61","1,043.22","1,036.69",547.78K,-0.03%
2023-05-04,"1,040.61","1,049.12","1,049.12","1,038.18",625.81K,-0.81%
2023-04-28,"1,049.12","1,043.17","1,049.12","1,042.04",613.14K,0.91%
2023-04-27,"1,039.63","1,040.80","1,044.25","1,037.62",511.73K,-0.11%
2023-04-26,"1,040.80","1,034.85","1,040.80","1,029.19",576.78K,0.57%
2023-04-25,"1,034.85","1,045.87","1,045.87","1,032.49",539.59K,-0.63%
2023-04-24,"1,041.36","1,042.91","1,047.18","1,038.36",556.99K,-0.15%
2023-04-21,"1,042.91","1,049.25","1,050.40","1,041.26",553.03K,-0.60%
2023-04-20,"1,049.25","1,048.98","1,051.86","1,045.85",373.75K,0.03%
2023-04-19,"1,048.98","1,055.02","1,058.14","1,047.47",569.68K,-0.57%
2023-04-18,"1,055.02","1,053.81","1,057.15","1,050.89",539.76K,0.11%
2023-04-17,"1,053.81","1,052.89","1,054.72","1,049.11",453.79K,0.09%
2023-04-14,"1,052.89","1,064.30","1,068.79","1,052.89",786.53K,-1.07%
2023-04-13,"1,064.30","1,069.45","1,070.96","1,062.26",673.04K,-0.48%
2023-04-12,"1,069.45","1,071.61","1,072.70","1,066.43",726.16K,0.00%
2023-04-11,"1,069.46","1,065.35","1,070.56","1,056.90",697.78K,0.39%
2023-04-10,"1,065.35","1,073.86","1,075.54","1,063.45",857.46K,-0.41%
2023-04-07,"1,069.71","1,070.91","1,072.94","1,063.70",646.00K,-0.11%
2023-04-06,"1,070.91","1,080.86","1,084.52","1,070.91",998.76K,-0.92%
2023-04-05,"1,080.86","1,078.45","1,080.86","1,074.10",793.75K,0.22%
2023-04-04,"1,078.45","1,079.28","1,082.21","1,075.10",803.89K,-0.08%
2023-04-03,"1,079.28","1,064.64","1,079.28","1,064.64",821.31K,1.38%
2023-03-31,"1,064.64","1,059.44","1,067.55","1,059.44",639.93K,0.49%
2023-03-30,"1,059.44","1,056.33","1,066.23","1,056.33",633.98K,0.29%
2023-03-29,"1,056.33","1,054.29","1,056.33","1,048.26",460.96K,0.19%
2023-03-28,"1,054.29","1,052.25","1,059.83","1,051.75",648.10K,0.19%
2023-03-27,"1,052.25","1,047.78","1,053.78","1,041.99",556.95K,0.52%
2023-03-24,"1,046.79","1,045.10","1,052.29","1,044.02",579.74K,0.16%
2023-03-23,"1,045.10","1,040.54","1,045.10","1,030.93",431.45K,0.44%
2023-03-22,"1,040.54","1,032.43","1,042.84","1,032.43",458.78K,0.79%
2023-03-21,"1,032.43","1,023.10","1,036.15","1,017.05",474.89K,0.91%
2023-03-20,"1,023.10","1,045.14","1,045.14","1,022.71",567.36K,-2.11%
2023-03-17,"1,045.14","1,047.40","1,055.42","1,043.54",564.93K,-0.22%
2023-03-16,"1,047.40","1,062.19","1,062.19","1,043.65",532.93K,-1.39%
2023-03-15,"1,062.19","1,040.13","1,062.55","1,040.13",622.86K,2.12%
2023-03-14,"1,040.13","1,052.80","1,052.80","1,034.72",621.19K,-1.20%
2023-03-13,"1,052.80","1,053.00","1,055.58","1,045.46",625.07K,-0.02%
2023-03-10,"1,053.00","1,055.95","1,055.95","1,046.31",508.59K,-0.28%
2023-03-09,"1,055.95","1,049.18","1,060.56","1,049.18",609.04K,0.65%
2023-03-08,"1,049.18","1,037.84","1,049.18","1,027.80",510.28K,1.09%
2023-03-07,"1,037.84","1,027.18","1,043.92","1,027.18",473.17K,1.04%
2023-03-06,"1,027.18","1,024.77","1,042.43","1,024.77",421.90K,0.24%
2023-03-03,"1,024.77","1,038.10","1,041.82","1,022.78",447.72K,-1.24%
2023-03-02,"1,037.61","1,039.00","1,043.80","1,033.07",373.16K,-0.28%
2023-03-01,"1,040.55","1,024.68","1,040.55","1,013.37",523.62K,1.55%
2023-02-28,"1,024.68","1,021.25","1,034.36","1,018.72",432.96K,0.34%
2023-02-27,"1,021.25","1,039.56","1,039.56","1,017.55",588.61K,-1.76%
2023-02-24,"1,039.56","1,053.66","1,053.66","1,034.66",430.41K,-1.34%
2023-02-23,"1,053.66","1,054.28","1,054.48","1,030.58",720.75K,-0.06%
2023-02-22,"1,054.28","1,082.23","1,082.23","1,054.28",814.01K,-2.58%
2023-02-21,"1,082.23","1,086.69","1,095.10","1,081.80",720.35K,-0.41%
2023-02-20,"1,086.69","1,059.74","1,088.01","1,059.56",682.29K,2.58%
2023-02-17,"1,059.31","1,058.29","1,062.25","1,053.26",465.08K,0.10%
2023-02-16,"1,058.29","1,048.20","1,058.29","1,047.45",475.80K,0.96%
2023-02-15,"1,048.20","1,038.64","1,051.89","1,034.39",585.76K,0.92%
2023-02-14,"1,038.64","1,043.70","1,046.64","1,032.76",395.73K,-0.48%
2023-02-13,"1,043.70","1,055.30","1,055.30","1,031.70",681.32K,-1.10%
2023-02-10,"1,055.30","1,064.03","1,066.28","1,054.08",463.94K,-0.82%
2023-02-09,"1,064.03","1,072.22","1,075.20","1,064.03",473.85K,-0.76%
2023-02-08,"1,072.22","1,065.84","1,079.51","1,063.50",569.32K,0.60%
2023-02-07,"1,065.84","1,089.29","1,092.12","1,065.18",673.21K,-2.15%
2023-02-06,"1,089.29","1,077.15","1,089.29","1,067.24",527.01K,1.13%
2023-02-03,"1,077.15","1,077.59","1,081.89","1,070.46",563.83K,-0.04%
2023-02-02,"1,077.59","1,075.97","1,083.36","1,070.81",634.74K,0.15%
2023-02-01,"1,075.97","1,111.18","1,116.96","1,075.97",1.03M,-3.17%
2023-01-31,"1,111.18","1,102.57","1,111.18","1,088.25",748.42K,0.78%
2023-01-30,"1,102.57","1,117.10","1,118.46","1,102.57",798.68K,-1.30%
2023-01-27,"1,117.10","1,108.08","1,124.30","1,108.08",604.93K,0.81%
2023-01-19,"1,108.08","1,098.28","1,111.72","1,094.46",617.71K,0.89%
2023-01-18,"1,098.28","1,088.29","1,100.39","1,088.29",604.20K,0.92%
2023-01-17,"1,088.29","1,066.68","1,088.29","1,066.68",673.93K,2.03%
2023-01-16,"1,066.68","1,060.17","1,067.74","1,057.87",520.79K,0.61%
2023-01-13,"1,060.17","1,056.39","1,066.39","1,055.23",670.23K,0.36%
2023-01-12,"1,056.39","1,055.76","1,060.97","1,050.27",506.47K,0.06%
2023-01-11,"1,055.76","1,053.35","1,065.69","1,053.35",545.18K,0.23%
2023-01-10,"1,053.35","1,054.21","1,057.44","1,045.75",546.26K,-0.08%
2023-01-09,"1,054.21","1,058.28","1,062.12","1,050.95",475.20K,0.26%
2023-01-06,"1,051.44","1,055.82","1,065.58","1,047.26",698.50K,-0.41%
2023-01-05,"1,055.82","1,048.17","1,058.14","1,046.64",535.05K,0.91%
2023-01-04,"1,046.35","1,043.90","1,052.60","1,041.56",647.73K,0.23%
2023-01-03,"1,043.90","1,007.09","1,043.90","1,007.09",551.33K,3.66%
2022-12-30,"1,007.09","1,009.29","1,017.99","1,007.09",407.14K,-0.22%
2022-12-29,"1,009.29","1,015.66","1,021.96","1,009.29",462.66K,-0.63%
2022-12-28,"1,015.66","1,004.57","1,020.52",998.97,590.45K,1.10%
2022-12-27,"1,004.57",985.21,"1,007.88",983.67,593.36K,1.97%
2022-12-26,985.21,"1,020.34","1,021.89",985.21,623.49K,-3.44%
2022-12-23,"1,020.34","1,022.61","1,027.34","1,013.20",544.11K,-0.22%
2022-12-22,"1,022.61","1,018.88","1,033.18","1,016.54",714.22K,0.37%
2022-12-21,"1,018.88","1,033.34","1,033.84","1,005.43",857.33K,-0.42%
2022-12-20,"1,023.13","1,038.40","1,038.74","1,010.08",1.08M,-1.47%
2022-12-19,"1,038.40","1,052.48","1,065.59","1,038.40",988.84K,-1.34%
2022-12-16,"1,052.48","1,055.32","1,064.79","1,047.16",881.53K,-0.27%
2022-12-15,"1,055.32","1,049.16","1,062.61","1,049.06",731.12K,0.47%
2022-12-14,"1,050.43","1,047.45","1,062.18","1,046.43",792.04K,0.28%
2022-12-13,"1,047.45","1,032.07","1,047.45","1,026.30",798.74K,1.49%
2022-12-12,"1,032.07","1,051.81","1,065.16","1,032.07",909.57K,-1.88%
2022-12-09,"1,051.81","1,050.53","1,061.21","1,041.39",788.20K,0.12%
2022-12-08,"1,050.53","1,041.02","1,078.09","1,041.02",916.99K,0.91%
2022-12-07,"1,041.02","1,048.69","1,059.79","1,034.92",920.94K,-0.73%
2022-12-06,"1,048.69","1,093.67","1,093.67","1,048.69",1.48M,-4.11%
2022-12-05,"1,093.67","1,080.01","1,099.45","1,080.01",1.26M,1.26%
2022-12-02,"1,080.01","1,036.28","1,080.01","1,030.81",1.09M,4.22%
2022-12-01,"1,036.28","1,048.42","1,066.28","1,035.62",1.34M,-1.16%
2022-11-30,"1,048.42","1,032.16","1,048.42","1,021.54",1.14M,1.58%
2022-11-29,"1,032.16","1,005.69","1,032.16",998.56,1.18M,2.63%
2022-11-28,"1,005.69",971.46,"1,006.22",971.46,973.79K,3.52%
2022-11-25,971.46,947.71,971.46,947.71,622.50K,2.51%
2022-11-24,947.71,946.00,950.03,934.31,543.14K,0.18%
2022-11-23,946.00,952.12,958.61,942.02,542.12K,-0.64%
2022-11-22,952.12,960.65,985.28,948.52,1.05M,-0.89%
2022-11-21,960.65,969.33,973.19,956.77,597.72K,-0.90%
2022-11-18,969.33,969.26,971.77,939.73,960.58K,0.01%
2022-11-17,969.26,942.90,972.88,942.90,724.46K,2.80%
2022-11-16,942.90,911.90,945.42,873.78,1.05M,3.40%
2022-11-15,911.90,941.04,941.04,900.17,692.34K,-3.10%
2022-11-14,941.04,954.53,954.53,923.53,666.06K,-1.41%
2022-11-11,954.53,947.24,966.70,947.24,736.49K,0.77%
2022-11-10,947.24,975.97,976.31,935.78,698.76K,-3.89%
2022-11-09,985.59,981.65,994.79,977.93,583.06K,0.40%
2022-11-08,981.65,975.19,981.86,956.97,660.72K,0.66%
2022-11-07,975.19,997.15,997.15,969.61,646.85K,-2.20%
2022-11-04,997.15,"1,008.23","1,009.96",974.61,753.11K,-2.22%
2022-11-03,"1,019.81","1,023.19","1,023.95","1,010.65",442.89K,-0.33%
2022-11-02,"1,023.19","1,033.75","1,034.73","1,018.64",578.23K,-1.02%
2022-11-01,"1,033.75","1,027.94","1,043.53","1,027.39",613.98K,0.57%
2022-10-31,"1,027.94","1,028.24","1,030.32","1,005.00",662.04K,0.06%
2022-10-28,"1,027.36","1,028.01","1,044.57","1,026.53",654.70K,-0.06%
2022-10-27,"1,028.01",993.36,"1,028.01",990.48,647.72K,3.49%
2022-10-26,993.36,997.70,"1,004.55",984.71,448.28K,-0.44%
2022-10-25,997.70,986.15,"1,011.39",962.45,751.18K,1.17%
2022-10-24,986.15,"1,019.82","1,023.51",977.41,654.95K,-3.30%
2022-10-21,"1,019.82","1,058.45","1,059.09","1,013.69",742.10K,-3.65%
2022-10-20,"1,058.45","1,056.14","1,065.28","1,048.21",398.33K,-0.15%
2022-10-19,"1,060.07","1,063.66","1,065.99","1,052.29",400.66K,-0.34%
2022-10-18,"1,063.66","1,051.58","1,071.74","1,051.58",514.84K,1.15%
2022-10-17,"1,051.58","1,061.85","1,061.85","1,033.59",497.42K,-0.97%
2022-10-14,"1,061.85","1,050.99","1,068.12","1,050.99",641.48K,1.03%
2022-10-13,"1,050.99","1,034.81","1,050.99","1,025.04",477.33K,1.56%
2022-10-12,"1,034.81","1,006.20","1,039.44","1,002.89",616.14K,2.84%
2022-10-11,"1,006.20","1,042.48","1,042.48",998.64,672.10K,-3.48%
2022-10-10,"1,042.48","1,035.91","1,051.02","1,012.94",692.98K,0.63%
2022-10-07,"1,035.91","1,074.52","1,074.52","1,022.38",877.31K,-3.59%
2022-10-06,"1,074.52","1,104.26","1,106.97","1,072.57",545.82K,-2.69%
2022-10-05,"1,104.26","1,078.14","1,110.21","1,078.14",451.94K,2.42%
2022-10-04,"1,078.14","1,086.44","1,100.42","1,069.74",582.82K,-0.76%
2022-10-03,"1,086.44","1,132.11","1,132.11","1,079.86",554.15K,-4.03%
2022-09-30,"1,132.11","1,126.07","1,135.47","1,099.44",729.67K,0.54%
2022-09-29,"1,126.07","1,143.62","1,159.49","1,126.07",491.47K,-1.53%
2022-09-28,"1,143.62","1,166.54","1,166.54","1,142.79",527.70K,-1.96%
2022-09-27,"1,166.54","1,174.35","1,180.75","1,166.44",466.62K,-0.67%
2022-09-26,"1,174.35","1,203.28","1,203.28","1,159.12",757.09K,-2.40%
2022-09-23,"1,203.28","1,214.70","1,216.59","1,201.45",485.38K,-0.94%
2022-09-22,"1,214.70","1,210.55","1,214.70","1,196.64",473.56K,0.34%
2022-09-21,"1,210.55","1,218.93","1,218.93","1,204.68",391.71K,-0.69%
2022-09-20,"1,218.93","1,212.08","1,218.93","1,199.71",473.89K,1.12%
2022-09-19,"1,205.43","1,234.03","1,234.03","1,202.07",701.96K,-2.32%
2022-09-16,"1,234.03","1,245.66","1,246.17","1,230.37",632.37K,-0.93%
2022-09-15,"1,245.66","1,240.77","1,250.93","1,240.77",429.84K,0.39%
2022-09-14,"1,240.77","1,248.40","1,248.40","1,228.51",607.86K,-0.61%
2022-09-13,"1,248.40","1,249.62","1,252.35","1,243.87",473.97K,-0.10%
2022-09-12,"1,249.62","1,248.78","1,257.80","1,248.78",410.19K,0.07%
2022-09-09,"1,248.78","1,234.60","1,248.78","1,228.54",586.03K,1.15%
2022-09-08,"1,234.60","1,243.17","1,251.36","1,234.60",599.61K,-0.69%
2022-09-07,"1,243.17","1,277.40","1,277.40","1,243.17",852.27K,-2.68%
2022-09-06,"1,277.40","1,279.58","1,286.92","1,277.40",581.46K,0.00%
2022-09-05,"1,277.35","1,280.51","1,285.70","1,275.35",524.68K,-0.25%
2022-08-31,"1,280.51","1,279.39","1,285.29","1,274.99",499.31K,0.09%
2022-08-30,"1,279.39","1,270.80","1,287.65","1,270.80",526.10K,0.68%
2022-08-29,"1,270.80","1,282.57","1,282.57","1,249.17",845.90K,-0.92%
2022-08-26,"1,282.57","1,291.29","1,295.12","1,280.05",668.96K,-0.49%
2022-08-25,"1,288.88","1,277.16","1,289.18","1,277.16",623.97K,0.92%
2022-08-24,"1,277.16","1,270.81","1,280.36","1,270.81",601.89K,0.50%
2022-08-23,"1,270.81","1,260.43","1,270.81","1,253.45",564.72K,0.82%
2022-08-22,"1,260.43","1,269.18","1,270.57","1,255.83",619.45K,-0.69%
2022-08-19,"1,269.18","1,273.66","1,280.00","1,263.45",607.62K,-0.35%
2022-08-18,"1,273.66","1,275.28","1,283.15","1,268.64",599.08K,-0.13%
2022-08-17,"1,275.28","1,274.69","1,280.61","1,271.97",712.25K,0.05%
2022-08-16,"1,274.69","1,274.20","1,275.93","1,271.11",617.72K,0.04%
2022-08-15,"1,274.20","1,262.33","1,274.24","1,262.33",634.20K,0.94%
2022-08-12,"1,262.33","1,252.07","1,262.33","1,248.65",542.04K,0.82%
2022-08-11,"1,252.07","1,256.50","1,268.03","1,245.85",810.55K,-0.35%
2022-08-10,"1,256.50","1,258.85","1,260.36","1,253.89",651.76K,-0.19%
2022-08-09,"1,258.85","1,256.75","1,263.14","1,252.84",721.64K,0.17%
2022-08-08,"1,256.75","1,252.36","1,258.84","1,252.04",699.34K,0.32%
2022-08-05,"1,252.74","1,250.25","1,253.75","1,245.05",698.64K,-0.11%
2022-08-04,"1,254.15","1,249.76","1,257.38","1,247.38",724.75K,0.35%
2022-08-03,"1,249.76","1,241.62","1,250.20","1,232.41",789.52K,0.66%
2022-08-02,"1,241.62","1,231.35","1,241.91","1,224.11",817.69K,0.83%
2022-08-01,"1,231.35","1,206.33","1,231.35","1,206.33",708.71K,2.07%
2022-07-29,"1,206.33","1,208.12","1,217.84","1,206.33",590.32K,-0.15%
2022-07-28,"1,208.12","1,191.04","1,214.03","1,191.04",668.86K,1.43%
2022-07-27,"1,191.04","1,185.07","1,191.04","1,178.58",445.14K,0.50%
2022-07-26,"1,185.07","1,188.50","1,194.15","1,184.44",434.80K,-0.29%
2022-07-25,"1,188.50","1,191.43","1,198.16","1,184.32",437.85K,-0.52%
2022-07-22,"1,194.76","1,198.47","1,202.69","1,194.76",477.95K,-0.31%
2022-07-21,"1,198.47","1,194.14","1,201.91","1,194.14",530.31K,0.36%
2022-07-20,"1,194.14","1,178.33","1,198.63","1,178.33",648.00K,1.34%
2022-07-19,"1,178.33","1,176.49","1,180.46","1,168.99",532.69K,0.16%
2022-07-18,"1,176.49","1,179.25","1,184.93","1,174.70",523.73K,-0.23%
2022-07-15,"1,179.25","1,182.17","1,189.66","1,178.12",604.01K,-0.25%
2022-07-14,"1,182.17","1,173.92","1,182.17","1,170.04",534.74K,0.70%
2022-07-13,"1,173.92","1,173.46","1,182.21","1,170.92",564.00K,-0.08%
2022-07-12,"1,174.82","1,155.29","1,174.82","1,153.55",525.11K,1.69%
2022-07-11,"1,155.29","1,171.31","1,171.31","1,144.55",538.71K,-1.37%
2022-07-08,"1,171.31","1,166.48","1,177.18","1,164.23",476.37K,0.41%
2022-07-07,"1,166.48","1,149.61","1,166.48","1,142.80",411.79K,1.47%
2022-07-06,"1,149.61","1,181.29","1,181.29","1,147.63",556.46K,-2.68%
2022-07-05,"1,181.29","1,195.53","1,200.99","1,181.29",612.00K,-1.19%
2022-07-04,"1,195.53","1,206.47","1,208.96","1,192.63",442.82K,-0.28%
2022-07-01,"1,198.90","1,197.60","1,202.41","1,170.95",534.07K,0.11%
2022-06-30,"1,197.60","1,218.09","1,220.51","1,197.60",510.22K,-1.68%
2022-06-29,"1,218.09","1,218.10","1,219.58","1,207.38",560.59K,0.00%
2022-06-28,"1,218.10","1,202.82","1,221.74","1,198.99",588.39K,1.27%
2022-06-27,"1,202.82","1,185.48","1,203.51","1,185.48",526.96K,1.46%
2022-06-24,"1,185.48","1,188.88","1,196.85","1,185.48",478.69K,-0.29%
2022-06-23,"1,188.88","1,169.27","1,188.88","1,162.06",440.78K,1.68%
2022-06-22,"1,169.27","1,172.47","1,185.86","1,162.98",592.48K,-0.27%
2022-06-21,"1,172.47","1,180.40","1,189.97","1,162.94",694.93K,-0.67%
2022-06-20,"1,180.40","1,218.37","1,221.60","1,180.40",669.55K,-3.03%
2022-06-17,"1,217.30","1,236.63","1,236.63","1,191.92",738.58K,-1.56%
2022-06-16,"1,236.63","1,213.93","1,246.32","1,213.93",561.69K,1.87%
2022-06-15,"1,213.93","1,230.31","1,235.56","1,195.19",688.12K,-1.33%
2022-06-14,"1,230.31","1,227.04","1,239.36","1,211.13",560.89K,0.27%
2022-06-13,"1,227.04","1,284.08","1,284.08","1,226.01",733.45K,-4.44%
2022-06-10,"1,284.08","1,307.80","1,309.59","1,284.08",603.29K,-1.81%
2022-06-09,"1,307.80","1,307.91","1,312.44","1,300.85",465.66K,-0.01%
2022-06-08,"1,307.91","1,291.35","1,316.78","1,291.35",584.57K,1.28%
2022-06-07,"1,291.35","1,290.01","1,291.35","1,260.92",670.87K,0.10%
2022-06-06,"1,290.01","1,287.98","1,302.14","1,281.95",589.89K,0.16%
2022-06-03,"1,287.98","1,288.62","1,292.78","1,276.37",473.81K,-0.05%
2022-06-02,"1,288.62","1,299.52","1,302.66","1,283.32",572.55K,-0.84%
2022-06-01,"1,299.52","1,292.68","1,302.25","1,286.01",573.63K,0.53%
2022-05-31,"1,292.68","1,293.92","1,297.64","1,280.44",591.09K,-0.10%
2022-05-30,"1,293.92","1,285.45","1,296.22","1,281.27",587.23K,0.66%
2022-05-27,"1,285.45","1,268.57","1,286.99","1,268.57",607.22K,1.33%
2022-05-26,"1,268.57","1,268.43","1,278.11","1,261.55",541.91K,0.01%
2022-05-25,"1,268.43","1,233.38","1,268.43","1,233.38",655.24K,2.84%
2022-05-24,"1,233.38","1,218.81","1,233.38","1,203.28",528.48K,1.20%
2022-05-23,"1,218.81","1,240.71","1,246.58","1,207.99",557.43K,-1.77%
2022-05-20,"1,240.71","1,241.64","1,252.96","1,232.33",504.69K,-0.07%
2022-05-19,"1,241.64","1,240.76","1,246.66","1,210.43",496.73K,0.07%
2022-05-18,"1,240.76","1,228.37","1,249.84","1,222.92",566.36K,1.01%
2022-05-17,"1,228.37","1,171.95","1,228.37","1,156.54",583.96K,4.81%
2022-05-16,"1,171.95","1,182.77","1,215.96","1,170.59",584.39K,-0.91%
2022-05-13,"1,182.77","1,238.84","1,238.84","1,180.60",816.99K,-4.53%
2022-05-12,"1,238.84","1,301.53","1,301.53","1,238.05",557.89K,-4.82%
2022-05-11,"1,301.53","1,293.56","1,305.17","1,277.91",418.23K,0.62%
2022-05-10,"1,293.56","1,269.62","1,293.56","1,232.57",665.48K,1.89%
2022-05-09,"1,269.62","1,329.26","1,329.26","1,265.54",673.76K,-4.49%
2022-05-06,"1,329.26","1,360.68","1,360.68","1,328.13",564.07K,-2.31%
2022-05-05,"1,360.68","1,348.68","1,362.18","1,331.41",531.08K,0.89%
2022-05-04,"1,348.68","1,366.11","1,366.39","1,348.68",528.29K,-1.33%
2022-04-29,"1,366.80","1,350.99","1,369.31","1,343.24",598.40K,1.17%
2022-04-28,"1,350.99","1,353.77","1,358.07","1,344.10",485.12K,-0.21%
2022-04-27,"1,353.77","1,341.34","1,355.92","1,314.81",519.56K,0.93%
2022-04-26,"1,341.34","1,310.92","1,341.34","1,261.40",727.65K,2.32%
2022-04-25,"1,310.92","1,379.23","1,382.13","1,298.38",762.88K,-4.95%
2022-04-22,"1,379.23","1,370.21","1,392.89","1,352.43",834.41K,0.66%
2022-04-21,"1,370.21","1,384.72","1,392.33","1,356.58",810.67K,-1.05%
2022-04-20,"1,384.72","1,401.63","1,410.64","1,384.72",688.33K,-1.55%
2022-04-19,"1,406.45","1,432.60","1,442.04","1,406.45",702.35K,-1.83%
2022-04-18,"1,432.60","1,458.56","1,458.56","1,425.07",827.69K,-1.78%
2022-04-15,"1,458.56","1,472.12","1,478.95","1,456.39",659.47K,-0.92%
2022-04-14,"1,472.12","1,477.20","1,484.34","1,471.75",523.37K,-0.34%
2022-04-13,"1,477.20","1,455.25","1,477.20","1,448.52",674.79K,1.51%
2022-04-12,"1,455.25","1,482.00","1,490.58","1,455.25",680.06K,-1.80%
2022-04-08,"1,482.00","1,502.35","1,507.73","1,482.00",763.56K,-1.35%
2022-04-07,"1,502.35","1,522.90","1,524.92","1,502.35",795.13K,-1.35%
2022-04-06,"1,522.90","1,520.03","1,523.75","1,507.62",944.04K,0.19%
2022-04-05,"1,520.03","1,524.70","1,527.57","1,519.28",703.53K,-0.31%
2022-04-04,"1,524.70","1,516.44","1,530.95","1,516.44",779.58K,0.54%
2022-04-01,"1,516.44","1,492.15","1,516.87","1,484.13",967.67K,1.63%
2022-03-31,"1,492.15","1,490.51","1,498.41","1,488.27",684.54K,0.11%
2022-03-30,"1,490.51","1,497.76","1,503.89","1,483.90",901.49K,-0.48%
2022-03-29,"1,497.76","1,483.18","1,498.45","1,483.18",737.94K,0.98%
2022-03-28,"1,483.18","1,498.50","1,498.50","1,473.80",1.07M,-1.02%
2022-03-25,"1,498.50","1,500.17","1,503.29","1,494.55",768.94K,0.02%
2022-03-24,"1,498.26","1,502.34","1,505.39","1,495.18",784.91K,-0.27%
2022-03-23,"1,502.34","1,503.78","1,513.90","1,501.67",861.13K,-0.10%
2022-03-22,"1,503.78","1,494.95","1,507.71","1,494.95",947.70K,0.59%
2022-03-21,"1,494.95","1,474.78","1,494.95","1,474.38",792.16K,1.76%
2022-03-18,"1,469.10","1,461.34","1,474.86","1,461.34",795.73K,0.53%
2022-03-17,"1,461.34","1,459.33","1,467.74","1,459.14",717.44K,0.14%
2022-03-16,"1,459.33","1,452.74","1,462.98","1,452.74",624.22K,0.45%
2022-03-15,"1,452.74","1,446.25","1,453.07","1,437.27",675.63K,0.45%
2022-03-14,"1,446.25","1,466.54","1,466.54","1,439.19",858.57K,-1.38%
2022-03-11,"1,466.54","1,479.08","1,480.29","1,458.88",878.19K,-0.85%
2022-03-10,"1,479.08","1,473.74","1,488.59","1,473.74",649.94K,0.36%
2022-03-09,"1,473.74","1,473.71","1,482.86","1,462.80",930.30K,0.00%
2022-03-08,"1,473.71","1,499.05","1,499.05","1,473.71",1.04M,-1.69%
2022-03-07,"1,499.05","1,505.33","1,505.33","1,493.87",981.72K,-0.42%
2022-03-04,"1,505.33","1,505.00","1,509.19","1,501.39",928.92K,0.02%
2022-03-03,"1,505.00","1,485.52","1,505.00","1,485.52",929.21K,1.31%
2022-03-02,"1,485.52","1,499.37","1,500.41","1,479.55",941.55K,-0.88%
2022-03-01,"1,498.78","1,490.13","1,501.73","1,490.13",842.43K,0.58%
2022-02-28,"1,490.13","1,498.89","1,502.36","1,487.57",729.79K,-0.58%
2022-02-25,"1,498.89","1,494.85","1,512.05","1,494.85",768.01K,0.27%
2022-02-24,"1,494.85","1,512.30","1,513.25","1,473.76",1.16M,-1.15%
2022-02-23,"1,512.30","1,503.47","1,520.78","1,503.47",694.65K,0.59%
2022-02-22,"1,503.47","1,510.84","1,510.84","1,484.81",908.05K,-0.49%
2022-02-21,"1,510.84","1,504.84","1,516.63","1,500.97",791.92K,0.40%
2022-02-18,"1,504.84","1,507.99","1,507.99","1,492.38",697.55K,-0.21%
2022-02-17,"1,507.99","1,492.10","1,507.99","1,492.10",615.79K,1.06%
2022-02-16,"1,492.10","1,492.75","1,499.50","1,486.68",702.52K,-0.04%
2022-02-15,"1,492.75","1,471.96","1,495.56","1,470.06",606.42K,1.41%
2022-02-14,"1,471.96","1,501.71","1,501.71","1,471.96",810.72K,-1.98%
2022-02-11,"1,501.71","1,506.79","1,508.54","1,499.06",636.28K,-0.34%
2022-02-10,"1,506.79","1,510.66","1,512.88","1,495.70",680.25K,0.09%
2022-02-09,"1,505.38","1,500.99","1,511.72","1,499.53",794.74K,0.29%
2022-02-08,"1,500.99","1,497.66","1,503.33","1,491.78",734.76K,0.22%
2022-02-07,"1,497.66","1,478.96","1,505.69","1,478.96",578.17K,1.26%
2022-01-28,"1,478.96","1,470.76","1,484.48","1,465.22",702.68K,0.56%
2022-01-27,"1,470.76","1,481.58","1,486.39","1,464.06",564.60K,-0.73%
2022-01-26,"1,481.58","1,479.58","1,490.45","1,478.41",813.18K,0.14%
2022-01-25,"1,479.58","1,439.71","1,479.58","1,424.36",751.39K,2.77%
2022-01-24,"1,439.71","1,472.89","1,472.89","1,432.18",828.13K,-2.25%
2022-01-21,"1,472.89","1,465.30","1,477.23","1,463.06",811.35K,0.52%
2022-01-20,"1,465.30","1,442.79","1,469.08","1,432.58",785.76K,1.56%
2022-01-19,"1,442.79","1,438.94","1,449.11","1,434.46",637.63K,0.27%
2022-01-18,"1,438.94","1,452.84","1,452.84","1,424.65",739.29K,-0.96%
2022-01-17,"1,452.84","1,496.02","1,503.86","1,452.84",987.10K,-2.89%
2022-01-14,"1,496.02","1,496.05","1,503.25","1,476.68",785.61K,0.00%
2022-01-13,"1,496.05","1,510.51","1,522.60","1,495.13",995.82K,-0.96%
2022-01-12,"1,510.51","1,489.11","1,510.51","1,464.49",1.13M,1.22%
2022-01-11,"1,492.31","1,503.71","1,512.05","1,488.40",1.25M,-0.76%
2022-01-10,"1,503.71","1,528.48","1,536.45","1,503.71",1.38M,-1.62%
2022-01-07,"1,528.48","1,534.10","1,534.52","1,524.96",1.03M,-0.01%
2022-01-06,"1,528.57","1,522.50","1,536.24","1,518.18",1.13M,0.40%
2022-01-05,"1,522.50","1,525.58","1,535.82","1,522.50",1.06M,-0.20%
2022-01-04,"1,525.58","1,508.55","1,526.69","1,507.19",891.30K,1.82%
2021-12-31,"1,498.28","1,485.97","1,499.07","1,485.97",875.73K,0.83%
2021-12-30,"1,485.97","1,490.96","1,493.38","1,484.82",747.86K,0.01%
2021-12-29,"1,485.82","1,494.39","1,498.91","1,485.82",843.88K,-0.57%
2021-12-28,"1,494.39","1,488.88","1,499.77","1,483.97",1.00M,0.37%
2021-12-27,"1,488.88","1,477.03","1,490.12","1,469.91",752.11K,0.80%
2021-12-24,"1,477.03","1,456.96","1,478.80","1,456.32",889.48K,1.38%
2021-12-23,"1,456.96","1,477.67","1,481.21","1,447.14",1.36M,-1.40%
2021-12-22,"1,477.67","1,478.74","1,489.24","1,471.84",1.07M,-0.07%
2021-12-21,"1,478.74","1,477.33","1,486.09","1,472.43",902.84K,0.10%
2021-12-20,"1,477.33","1,479.79","1,483.85","1,468.88",963.35K,-0.17%
2021-12-17,"1,479.79","1,476.61","1,487.73","1,476.61",1.11M,0.22%
2021-12-16,"1,476.61","1,475.50","1,482.32","1,468.95",927.54K,0.08%
2021-12-15,"1,475.50","1,476.02","1,481.67","1,468.21",906.08K,-0.04%
2021-12-14,"1,476.02","1,476.21","1,485.14","1,469.21",964.11K,-0.01%
2021-12-13,"1,476.21","1,463.54","1,481.70","1,463.54",865.58K,0.87%
2021-12-10,"1,463.54","1,467.98","1,475.85","1,461.78",798.29K,-0.30%
2021-12-09,"1,467.98","1,452.87","1,467.98","1,446.88",665.46K,1.04%
2021-12-08,"1,452.87","1,446.77","1,460.28","1,446.77",771.03K,0.42%
2021-12-07,"1,446.77","1,413.58","1,446.77","1,413.58",755.91K,2.35%
2021-12-06,"1,413.58","1,443.32","1,452.55","1,400.87",1.04M,-2.06%
2021-12-03,"1,443.32","1,482.05","1,491.20","1,443.32",1.10M,-2.61%
2021-12-02,"1,482.05","1,485.19","1,493.84","1,482.05",763.96K,-0.21%
2021-12-01,"1,485.19","1,478.44","1,487.68","1,471.30",876.73K,0.46%
2021-11-30,"1,478.44","1,484.84","1,503.09","1,471.57",1.08M,-0.43%
2021-11-29,"1,484.84","1,493.03","1,493.03","1,464.83",1.01M,-0.55%
2021-11-26,"1,493.03","1,500.81","1,511.68","1,488.83",1.06M,-0.52%
2021-11-25,"1,500.81","1,488.87","1,505.36","1,488.87",1.01M,0.80%
2021-11-24,"1,488.87","1,463.63","1,491.05","1,463.63",1.12M,1.72%
2021-11-23,"1,463.63","1,447.25","1,463.63","1,438.41",880.07K,1.13%
2021-11-22,"1,447.25","1,452.35","1,466.46","1,442.85",1.27M,-0.35%
2021-11-19,"1,452.35","1,469.83","1,481.53","1,434.69",1.52M,-1.19%
2021-11-18,"1,469.83","1,475.85","1,482.87","1,469.83",1.09M,-0.41%
2021-11-17,"1,475.85","1,466.45","1,477.04","1,464.78",860.80K,0.64%
2021-11-16,"1,466.45","1,476.57","1,476.97","1,459.08",1.22M,-0.69%
2021-11-15,"1,476.57","1,473.37","1,481.96","1,466.01",1.17M,0.22%
2021-11-12,"1,473.37","1,462.35","1,474.98","1,453.22",955.63K,0.75%
2021-11-11,"1,462.35","1,465.02","1,472.89","1,449.18",1.27M,-0.18%
2021-11-10,"1,465.02","1,461.50","1,470.19","1,457.98",985.54K,0.24%
2021-11-09,"1,461.50","1,467.57","1,474.20","1,457.57",1.03M,-0.41%
2021-11-08,"1,467.57","1,456.51","1,470.49","1,456.51",1.08M,0.76%
2021-11-05,"1,456.51","1,448.34","1,459.93","1,444.51",874.07K,0.56%
2021-11-04,"1,448.34","1,444.30","1,451.98","1,435.84",929.53K,0.28%
2021-11-03,"1,444.30","1,452.46","1,463.63","1,440.67",1.51M,-0.56%
2021-11-02,"1,452.46","1,438.97","1,452.46","1,438.83",1.01M,0.94%
2021-11-01,"1,438.97","1,444.27","1,451.81","1,435.57",1.13M,-0.37%
2021-10-29,"1,444.27","1,438.01","1,447.62","1,432.19",982.01K,0.44%
2021-10-28,"1,438.01","1,423.02","1,440.64","1,420.42",865.43K,1.05%
2021-10-27,"1,423.02","1,391.63","1,423.02","1,391.63",936.22K,2.26%
2021-10-26,"1,391.63","1,385.40","1,393.03","1,377.56",747.95K,0.45%
2021-10-25,"1,385.40","1,389.24","1,395.72","1,385.40",899.26K,-0.28%
2021-10-22,"1,389.24","1,384.77","1,393.70","1,384.77",798.13K,0.32%
2021-10-21,"1,384.77","1,393.80","1,398.45","1,384.77",709.07K,-0.65%
2021-10-20,"1,393.80","1,395.33","1,401.76","1,376.15",845.89K,-0.11%
2021-10-19,"1,395.33","1,395.53","1,399.66","1,388.95",639.44K,-0.01%
2021-10-18,"1,395.53","1,392.70","1,402.63","1,390.88",795.92K,0.20%
2021-10-15,"1,392.70","1,391.85","1,399.03","1,388.00",784.56K,0.06%
2021-10-14,"1,391.85","1,391.91","1,398.67","1,388.89",725.51K,0.00%
2021-10-13,"1,391.91","1,394.80","1,400.67","1,389.61",645.35K,-0.21%
2021-10-12,"1,394.80","1,394.09","1,400.78","1,389.43",742.81K,0.05%
2021-10-11,"1,394.09","1,372.73","1,394.64","1,372.73",764.35K,1.56%
2021-10-08,"1,372.73","1,365.99","1,373.18","1,365.93",632.86K,0.49%
2021-10-07,"1,365.99","1,362.82","1,367.64","1,360.57",693.03K,0.23%
2021-10-06,"1,362.82","1,354.63","1,362.82","1,354.63",637.00K,0.60%
2021-10-05,"1,354.63","1,339.54","1,354.63","1,339.54",636.27K,1.13%
2021-10-04,"1,339.54","1,334.89","1,347.49","1,333.53",736.08K,0.35%
2021-10-01,"1,334.89","1,342.06","1,344.06","1,332.97",738.17K,-0.53%
2021-09-30,"1,342.06","1,339.21","1,348.89","1,339.21",438.29K,0.21%
2021-09-29,"1,339.21","1,339.31","1,340.90","1,328.17",598.50K,-0.01%
2021-09-28,"1,339.31","1,324.99","1,341.81","1,316.41",623.51K,1.08%
2021-09-27,"1,324.99","1,351.17","1,354.38","1,324.99",778.44K,-1.94%
2021-09-24,"1,351.17","1,352.76","1,356.97","1,348.07",673.10K,-0.12%
2021-09-23,"1,352.76","1,350.68","1,361.09","1,350.43",997.61K,0.15%
2021-09-22,"1,350.68","1,339.84","1,350.71","1,336.63",779.65K,0.81%
2021-09-21,"1,339.84","1,350.48","1,350.48","1,324.82",859.68K,-0.79%
2021-09-20,"1,350.48","1,352.64","1,365.92","1,349.18",895.46K,-0.16%
2021-09-17,"1,352.64","1,345.87","1,356.45","1,345.87",852.78K,0.50%
2021-09-16,"1,345.87","1,345.83","1,353.12","1,341.23",599.77K,0.00%
2021-09-15,"1,345.83","1,339.70","1,347.70","1,334.97",692.09K,0.46%
2021-09-14,"1,339.70","1,341.43","1,349.13","1,336.84",730.45K,-0.13%
2021-09-13,"1,341.43","1,345.31","1,350.69","1,340.50",775.47K,-0.29%
2021-09-10,"1,345.31","1,343.98","1,350.43","1,343.98",598.73K,0.10%
2021-09-09,"1,343.98","1,333.61","1,345.59","1,332.67",642.57K,0.78%
2021-09-08,"1,333.61","1,341.90","1,344.49","1,328.35",626.08K,-0.62%
2021-09-07,"1,341.90","1,346.39","1,353.66","1,340.32",869.38K,-0.33%
2021-09-06,"1,346.39","1,334.65","1,348.36","1,334.65",944.41K,0.88%
2021-09-01,"1,334.65","1,331.47","1,338.02","1,328.13",719.96K,0.24%
2021-08-31,"1,331.47","1,328.14","1,336.14","1,325.69",733.83K,0.25%
2021-08-30,"1,328.14","1,313.20","1,329.62","1,313.20",676.54K,1.14%
2021-08-27,"1,313.20","1,301.12","1,313.20","1,285.16",685.06K,0.93%
2021-08-26,"1,301.12","1,309.55","1,316.26","1,295.77",524.29K,-0.64%
2021-08-25,"1,309.55","1,298.74","1,310.16","1,291.70",522.87K,0.83%
2021-08-24,"1,298.74","1,298.86","1,307.56","1,289.16",714.27K,-0.01%
2021-08-23,"1,298.86","1,329.43","1,329.43","1,298.86",795.07K,-2.30%
2021-08-20,"1,329.43","1,374.85","1,374.85","1,317.52",1.21M,-3.30%
2021-08-19,"1,374.85","1,360.94","1,374.85","1,352.94",728.17K,1.02%
2021-08-18,"1,360.94","1,363.09","1,370.50","1,355.83",689.78K,-0.16%
2021-08-17,"1,363.09","1,370.96","1,379.70","1,359.11",768.61K,-0.57%
2021-08-16,"1,370.96","1,357.05","1,372.33","1,357.05",827.71K,1.03%
2021-08-13,"1,357.05","1,353.05","1,357.41","1,336.74",744.15K,0.30%
2021-08-12,"1,353.05","1,357.79","1,365.01","1,353.05",741.56K,-0.35%
2021-08-11,"1,357.79","1,362.43","1,374.03","1,357.79",806.77K,-0.34%
2021-08-10,"1,362.43","1,359.86","1,370.35","1,358.12",716.54K,0.19%
2021-08-09,"1,359.86","1,341.45","1,361.12","1,334.69",688.43K,1.37%
2021-08-06,"1,341.45","1,345.55","1,351.85","1,341.45",736.16K,-0.30%
2021-08-05,"1,345.55","1,334.74","1,346.62","1,326.80",635.47K,0.81%
2021-08-04,"1,334.74","1,332.44","1,340.76","1,328.40",661.80K,0.17%
2021-08-03,"1,332.44","1,314.22","1,332.44","1,314.22",647.01K,1.39%
2021-08-02,"1,314.22","1,310.05","1,322.35","1,304.49",614.53K,0.32%
2021-07-30,"1,310.05","1,293.60","1,311.97","1,293.60",644.44K,1.27%
2021-07-29,"1,293.60","1,277.07","1,293.60","1,277.07",491.06K,1.29%
2021-07-28,"1,277.07","1,276.93","1,281.17","1,271.78",406.89K,0.01%
2021-07-27,"1,276.93","1,272.71","1,288.35","1,272.71",566.75K,0.33%
2021-07-26,"1,272.71","1,268.83","1,277.33","1,254.57",508.55K,0.31%
2021-07-23,"1,268.83","1,293.67","1,295.63","1,268.83",582.25K,-1.92%
2021-07-22,"1,293.67","1,270.79","1,294.16","1,266.54",536.41K,1.80%
2021-07-21,"1,270.79","1,273.29","1,284.33","1,266.71",451.95K,-0.20%
2021-07-20,"1,273.29","1,243.51","1,273.29","1,225.52",568.60K,2.39%
2021-07-19,"1,243.51","1,299.31","1,299.31","1,237.79",731.02K,-4.29%
2021-07-16,"1,299.31","1,293.92","1,304.37","1,293.92",415.12K,0.42%
2021-07-15,"1,293.92","1,279.91","1,299.18","1,270.77",419.14K,1.09%
2021-07-14,"1,279.91","1,297.54","1,305.37","1,264.68",547.97K,-1.36%
2021-07-13,"1,297.54","1,296.30","1,307.73","1,278.30",500.18K,0.10%
2021-07-12,"1,296.30","1,347.14","1,347.14","1,270.06",912.74K,-3.77%
2021-07-09,"1,347.14","1,374.68","1,374.68","1,335.90",713.99K,-2.00%
2021-07-08,"1,374.68","1,388.55","1,388.55","1,363.92",528.83K,-1.00%
2021-07-07,"1,388.55","1,354.79","1,388.55","1,334.58",733.80K,2.49%
2021-07-06,"1,354.79","1,411.13","1,418.99","1,354.79",773.51K,-3.99%
2021-07-05,"1,411.13","1,420.27","1,421.52","1,394.12",774.45K,-0.64%
2021-07-02,"1,420.27","1,422.89","1,424.28","1,415.82",706.83K,0.23%
2021-07-01,"1,417.08","1,412.15","1,417.27","1,402.18",753.56K,0.61%
2021-06-30,"1,408.55","1,410.83","1,419.61","1,408.18",595.29K,-0.11%
2021-06-29,"1,410.04","1,408.34","1,416.34","1,406.87",647.39K,0.30%
2021-06-28,"1,405.81","1,397.96","1,406.02","1,390.56",699.51K,1.13%
2021-06-25,"1,390.12","1,382.11","1,390.12","1,372.80",598.11K,0.75%
2021-06-24,"1,379.72","1,376.87","1,384.71","1,372.99",591.75K,0.21%
2021-06-23,"1,376.87","1,383.15","1,388.33","1,372.06",710.77K,-0.22%
2021-06-22,"1,379.97","1,380.84","1,385.98","1,375.00",746.95K,0.53%
2021-06-21,"1,372.63","1,373.59","1,381.74","1,367.85",768.18K,-0.37%
2021-06-18,"1,377.77","1,366.19","1,377.77","1,363.52",809.47K,1.31%
2021-06-17,"1,359.92","1,341.06","1,364.55","1,337.49",768.73K,0.25%
2021-06-16,"1,356.52","1,363.85","1,370.14","1,350.73",769.63K,-0.79%
2021-06-15,"1,367.36","1,361.58","1,372.72","1,356.59",730.94K,0.41%
2021-06-14,"1,361.72","1,352.73","1,368.53","1,352.73",775.73K,0.74%
2021-06-11,"1,351.74","1,326.79","1,352.47","1,322.08",731.26K,2.13%
2021-06-10,"1,323.58","1,332.90","1,336.71","1,317.49",723.49K,-0.70%
2021-06-09,"1,332.90","1,323.52","1,339.14","1,312.08",822.29K,0.99%
2021-06-08,"1,319.88","1,355.36","1,364.48","1,318.11",924.51K,-2.86%
2021-06-07,"1,358.78","1,374.59","1,375.74","1,347.21",876.69K,-1.11%
2021-06-04,"1,374.05","1,367.06","1,374.05","1,360.42",943.33K,0.72%
2021-06-03,"1,364.28","1,345.21","1,366.00","1,345.21",898.88K,1.75%
2021-06-02,"1,340.78","1,337.78","1,344.98","1,330.82",805.24K,0.22%
2021-06-01,"1,337.78","1,329.47","1,346.34","1,328.84",629.42K,0.73%
2021-05-31,"1,328.05","1,326.65","1,328.05","1,307.56",737.18K,0.57%
2021-05-28,"1,320.46","1,307.79","1,323.09","1,300.06",768.85K,1.30%
2021-05-27,"1,303.57","1,318.42","1,319.67","1,299.99",733.00K,-1.00%
2021-05-26,"1,316.70","1,308.04","1,317.30","1,304.68",713.07K,0.62%
2021-05-25,"1,308.58","1,299.19","1,308.58","1,297.23",679.06K,0.82%
2021-05-24,"1,297.98","1,287.50","1,299.83","1,287.36",715.51K,1.09%
2021-05-21,"1,283.93","1,272.84","1,289.03","1,268.46",698.93K,0.45%
2021-05-20,"1,278.22","1,264.62","1,278.22","1,255.78",745.21K,1.25%
2021-05-19,"1,262.49","1,254.78","1,262.71","1,250.58",694.35K,0.78%
2021-05-18,"1,252.68","1,259.57","1,262.22","1,249.02",692.48K,-0.48%
2021-05-17,"1,258.70","1,272.55","1,277.83","1,258.50",758.29K,-0.60%
2021-05-14,"1,266.36","1,266.43","1,271.45","1,259.97",730.99K,0.35%
2021-05-13,"1,261.99","1,262.98","1,273.49","1,261.99",711.52K,-0.56%
2021-05-12,"1,269.09","1,251.97","1,269.09","1,249.18",700.67K,1.04%
2021-05-11,"1,256.04","1,265.11","1,272.55","1,256.04",770.09K,-0.28%
2021-05-10,"1,259.58","1,239.96","1,259.58","1,236.85",773.06K,1.43%
2021-05-07,"1,241.81","1,245.48","1,250.50","1,231.92",783.04K,-0.70%
2021-05-06,"1,250.57","1,255.42","1,261.49","1,246.64",730.50K,-0.47%
2021-05-05,"1,256.43","1,244.69","1,265.93","1,244.69",744.43K,1.15%
2021-05-04,"1,242.20","1,222.08","1,242.80","1,212.56",798.49K,0.23%
2021-04-29,"1,239.39","1,234.91","1,239.39","1,231.25",647.16K,0.80%
2021-04-28,"1,229.55","1,220.26","1,230.91","1,217.49",612.70K,0.80%
2021-04-27,"1,219.75","1,213.84","1,220.96","1,204.14",618.17K,0.33%
2021-04-26,"1,215.77","1,251.25","1,251.25","1,214.14",744.95K,-2.62%
2021-04-23,"1,248.53","1,227.18","1,248.53","1,216.15",716.52K,1.69%
2021-04-22,"1,227.82","1,264.31","1,271.98","1,227.82",770.37K,-3.19%
2021-04-20,"1,268.28","1,267.74","1,286.32","1,261.28",843.60K,0.61%
2021-04-19,"1,260.58","1,243.58","1,260.58","1,233.77",817.13K,1.77%
2021-04-16,"1,238.71","1,245.06","1,254.61","1,227.14",986.88K,-0.68%
2021-04-15,"1,247.25","1,262.25","1,265.87","1,247.25",806.49K,-0.69%
2021-04-14,"1,255.87","1,240.90","1,255.87","1,233.01",861.96K,0.60%
2021-04-13,"1,248.33","1,262.44","1,268.02","1,247.66",1.03M,-0.33%
2021-04-12,"1,252.45","1,236.79","1,252.45","1,232.35",890.31K,1.69%
2021-04-09,"1,231.66","1,231.51","1,234.98","1,227.60",732.82K,-0.26%
2021-04-08,"1,234.89","1,242.38","1,246.40","1,232.26",664.51K,-0.60%
2021-04-07,"1,242.38","1,237.39","1,242.38","1,232.52",727.82K,0.20%
2021-04-06,"1,239.96","1,233.37","1,244.63","1,231.14",694.06K,0.32%
2021-04-05,"1,236.05","1,245.28","1,245.28","1,228.18",693.04K,0.95%
2021-04-02,"1,224.45","1,225.76","1,228.29","1,221.07",661.89K,0.69%
2021-04-01,"1,216.10","1,194.59","1,217.26","1,192.83",672.84K,2.07%
2021-03-31,"1,191.44","1,186.36","1,196.45","1,186.36",703.08K,0.43%
2021-03-30,"1,186.36","1,179.64","1,187.29","1,172.85",780.73K,0.91%
2021-03-29,"1,175.68","1,169.65","1,175.77","1,165.78",660.95K,1.16%
2021-03-26,"1,162.21","1,162.71","1,165.76","1,137.90",670.46K,-0.08%
2021-03-25,"1,163.10","1,164.41","1,170.76","1,154.44",690.73K,0.11%
2021-03-24,"1,161.81","1,169.42","1,174.20","1,154.22",750.48K,-1.83%
2021-03-23,"1,183.45","1,190.28","1,191.47","1,177.10",683.72K,-0.92%
2021-03-22,"1,194.43","1,200.05","1,200.21","1,189.31",700.87K,0.03%
2021-03-19,"1,194.05","1,195.47","1,199.67","1,191.96",680.90K,-0.57%
2021-03-18,"1,200.94","1,196.60","1,200.94","1,191.94",628.64K,1.25%
2021-03-17,"1,186.09","1,178.64","1,186.09","1,176.26",701.09K,0.52%
2021-03-16,"1,179.90","1,184.91","1,184.91","1,171.76",683.85K,-0.39%
2021-03-15,"1,184.56","1,183.89","1,186.06","1,178.80",676.96K,0.25%
2021-03-12,"1,181.56","1,185.21","1,186.52","1,178.14",624.71K,-0.01%
2021-03-11,"1,181.73","1,170.08","1,183.73","1,170.08",629.10K,1.00%
2021-03-10,"1,170.08","1,163.86","1,170.59","1,154.89",723.92K,0.70%
2021-03-09,"1,161.97","1,160.96","1,166.42","1,150.94",641.43K,-0.54%
2021-03-08,"1,168.27","1,180.33","1,181.25","1,164.02",652.70K,-0.04%
2021-03-05,"1,168.69","1,164.19","1,169.56","1,155.60",594.84K,0.01%
2021-03-04,"1,168.52","1,191.78","1,191.90","1,159.48",673.45K,-1.55%
2021-03-03,"1,186.95","1,184.73","1,189.18","1,180.25",631.67K,0.03%
2021-03-02,"1,186.61","1,196.16","1,196.16","1,181.99",577.01K,0.04%
2021-03-01,"1,186.17","1,176.93","1,186.82","1,174.45",643.38K,1.51%
2021-02-26,"1,168.47","1,148.88","1,169.28","1,148.88",554.46K,0.26%
2021-02-25,"1,165.43","1,169.97","1,169.97","1,155.74",510.43K,0.29%
2021-02-24,"1,162.01","1,184.32","1,185.58","1,154.36",603.00K,-1.33%
2021-02-23,"1,177.64","1,174.57","1,184.32","1,168.32",598.27K,0.22%
2021-02-22,"1,175.04","1,173.57","1,182.67","1,169.12",630.04K,0.13%
2021-02-19,"1,173.50","1,160.65","1,178.18","1,157.60",578.28K,-0.07%
2021-02-18,"1,174.38","1,157.10","1,174.38","1,148.66",614.82K,1.61%
2021-02-17,"1,155.78","1,127.46","1,155.78","1,127.46",568.03K,3.66%
2021-02-09,"1,114.93","1,090.88","1,114.93","1,078.98",519.81K,2.93%
2021-02-08,"1,083.18","1,127.06","1,127.06","1,075.10",696.60K,-3.88%
2021-02-05,"1,126.91","1,114.79","1,126.91","1,112.19",529.87K,1.32%
2021-02-04,"1,112.19","1,112.97","1,117.88","1,098.85",523.41K,0.08%
2021-02-03,"1,111.29","1,084.87","1,113.24","1,082.95",703.18K,3.32%
2021-02-02,"1,075.53","1,036.95","1,075.53","1,029.36",602.62K,3.86%
2021-02-01,"1,035.51","1,056.61","1,074.52","1,035.51",634.33K,-2.00%
2021-01-29,"1,056.61",998.33,"1,076.11",998.33,797.39K,3.19%
2021-01-28,"1,023.94","1,041.71","1,052.16","1,022.77",767.87K,-6.67%
2021-01-27,"1,097.17","1,122.41","1,132.99","1,088.86",785.70K,-3.43%
2021-01-26,"1,136.12","1,164.97","1,164.97","1,121.03",782.27K,-2.57%
2021-01-25,"1,166.05","1,164.20","1,172.18","1,162.80",707.24K,-0.06%
2021-01-22,"1,166.78","1,166.77","1,175.72","1,161.43",758.32K,0.22%
2021-01-21,"1,164.21","1,146.86","1,164.21","1,132.66",721.92K,2.60%
2021-01-20,"1,134.68","1,136.50","1,142.48","1,098.05",839.30K,0.33%
2021-01-19,"1,131.00","1,189.91","1,189.91","1,117.17",986.19K,-5.11%
2021-01-18,"1,191.94","1,198.79","1,200.85","1,190.33",747.42K,-0.19%
2021-01-15,"1,194.20","1,188.84","1,197.74","1,188.84",783.11K,0.57%
2021-01-14,"1,187.40","1,189.48","1,190.50","1,178.84",779.34K,0.11%
2021-01-13,"1,186.05","1,197.32","1,200.82","1,183.18",819.29K,-0.52%
2021-01-12,"1,192.28","1,190.38","1,192.28","1,179.24",719.94K,0.62%
2021-01-11,"1,184.89","1,176.47","1,186.45","1,175.00",845.85K,1.47%
2021-01-08,"1,167.69","1,164.10","1,176.33","1,160.48",808.31K,0.97%
2021-01-07,"1,156.49","1,147.26","1,156.49","1,143.44",763.74K,1.16%
2021-01-06,"1,143.21","1,139.12","1,152.85","1,133.70",790.45K,0.94%
2021-01-05,"1,132.55","1,116.96","1,134.45","1,116.49",763.43K,1.08%
2021-01-04,"1,120.47","1,113.77","1,126.43","1,113.59",764.04K,1.50%
